ID,Link,Title,Subtitle,BigTags
1051193,https://book.douban.com/subject/1051193/,麦琪的礼物,欧·亨利短篇小说经典,文化|文学|流行|生活
1449352,https://book.douban.com/subject/1449352/,朝花夕拾,,文学|流行
1807516,https://book.douban.com/subject/1807516/,罗杰疑案,,文学|流行
1014578,https://book.douban.com/subject/1014578/,我的精神家园,王小波杂文自选集,文化|文学
20427187,https://book.douban.com/subject/20427187/,看见,,文化|文学|流行|生活
4742918,https://book.douban.com/subject/4742918/,1Q84 BOOK 1,4月～6月,文学|流行|生活
1321017,https://book.douban.com/subject/1321017/,九州·缥缈录,,文学|流行|经管
1035848,https://book.douban.com/subject/1035848/,一千零一夜,,文学|流行
1254588,https://book.douban.com/subject/1254588/,城南旧事,纪念普及版,文化|文学|流行|生活
1046209,https://book.douban.com/subject/1046209/,安徒生童话故事集,,文学
1019568,https://book.douban.com/subject/1019568/,三国演义（全二册）,,文化|文学|流行
1963684,https://book.douban.com/subject/1963684/,半生缘,,文学|流行|生活
1029111,https://book.douban.com/subject/1029111/,哭泣的骆驼,,文学|流行|生活
1085799,https://book.douban.com/subject/1085799/,白鹿原,,文化|文学|流行
1205054,https://book.douban.com/subject/1205054/,悲惨世界（上中下）,,文化|文学
1205370,https://book.douban.com/subject/1205370/,羊脂球,,文学
1391191,https://book.douban.com/subject/1391191/,京华烟云,,文化|文学|生活
1958227,https://book.douban.com/subject/1958227/,那些年，我们一起追的女孩,,文学|流行|生活
1008145,https://book.douban.com/subject/1008145/,围城,,文化|文学|流行|生活
1203426,https://book.douban.com/subject/1203426/,人间词话,,文化|文学
1071241,https://book.douban.com/subject/1071241/,哈利·波特与阿兹卡班的囚徒,,文学|流行
1255625,https://book.douban.com/subject/1255625/,天龙八部,,文化|文学|流行|生活
1016003,https://book.douban.com/subject/1016003/,鲁滨逊漂流记,,文学|生活
1003479,https://book.douban.com/subject/1003479/,中国历代政治得失,,文化|文学
1015452,https://book.douban.com/subject/1015452/,国境以南 太阳以西,,文学|流行|生活
1031740,https://book.douban.com/subject/1031740/,寻羊冒险记,,文学|流行
1003000,https://book.douban.com/subject/1003000/,悟空传,修订版,文化|文学|流行|生活
1070851,https://book.douban.com/subject/1070851/,倚天屠龙记(共四册),,文学|流行|生活
3554154,https://book.douban.com/subject/3554154/,阿狸·梦之城堡,,文学|流行
3803820,https://book.douban.com/subject/3803820/,人生,,文学|流行|生活
1056733,https://book.douban.com/subject/1056733/,地下铁,,文学|流行|生活
1036274,https://book.douban.com/subject/1036274/,夏洛的网,,文学|流行
1316648,https://book.douban.com/subject/1316648/,查令十字街84号,,文学|生活
20424526,https://book.douban.com/subject/20424526/,邓小平时代,,文化|流行
1143694,https://book.douban.com/subject/1143694/,动物凶猛,,文学|流行|生活
1036490,https://book.douban.com/subject/1036490/,万水千山走遍,,文学|流行|生活
6781808,https://book.douban.com/subject/6781808/,杀死一只知更鸟,,文化|文学|生活
1873231,https://book.douban.com/subject/1873231/,明朝那些事儿（壹）,洪武大帝,文化|文学|流行
1258498,https://book.douban.com/subject/1258498/,项链,莫泊桑中短篇小说选,文学
4842446,https://book.douban.com/subject/4842446/,巨流河,,文化|文学
7060185,https://book.douban.com/subject/7060185/,江城,,文化|文学|生活
1056295,https://book.douban.com/subject/1056295/,人性的弱点全集,,文化|文学|生活|经管
3646172,https://book.douban.com/subject/3646172/,恶意,,文学|流行|科技|经管
6388661,https://book.douban.com/subject/6388661/,这些人，那些事,,文化|文学|流行|生活
1767945,https://book.douban.com/subject/1767945/,一只特立独行的猪,,文化|文学|流行
1085470,https://book.douban.com/subject/1085470/,海底两万里,,文学|流行
1007433,https://book.douban.com/subject/1007433/,红与黑,,文学|生活
26899537,https://book.douban.com/subject/26899537/,长安十二时辰 上,,文化|文学|流行
4124727,https://book.douban.com/subject/4124727/,孤独六讲,,文化|文学|流行
10786473,https://book.douban.com/subject/10786473/,自控力,斯坦福大学最受欢迎心理学课程,文化|文学|生活|经管
10594787,https://book.douban.com/subject/10594787/,霍乱时期的爱情,,文化|文学|流行|生活
25862578,https://book.douban.com/subject/25862578/,解忧杂货店,,文学|流行|生活
1062193,https://book.douban.com/subject/1062193/,娱乐至死,,文化|文学|经管
1085860,https://book.douban.com/subject/1085860/,基督山伯爵,,文学|流行|生活
1064275,https://book.douban.com/subject/1064275/,老人与海,,文学|流行|生活
4874131,https://book.douban.com/subject/4874131/,东霓,,文学|流行|生活
1432596,https://book.douban.com/subject/1432596/,哈利·波特与混血王子,,文学|流行|生活
1401425,https://book.douban.com/subject/1401425/,兄弟（上）,,文学
6880158,https://book.douban.com/subject/6880158/,陆犯焉识,,文化|文学|流行|生活
1013208,https://book.douban.com/subject/1013208/,如何阅读一本书,,文化|文学|生活
6709783,https://book.douban.com/subject/6709783/,浪潮之巅,,文化|生活|科技|经管
1023045,https://book.douban.com/subject/1023045/,我们仨,,文化|文学|流行|生活
10560798,https://book.douban.com/subject/10560798/,面纱,,文学|生活
25985021,https://book.douban.com/subject/25985021/,人类简史,从动物到上帝,文化|科技
4872671,https://book.douban.com/subject/4872671/,佛祖在一号线,,文化|文学
1044547,https://book.douban.com/subject/1044547/,射雕英雄传（全四册）,,文化|文学|流行|生活
3211779,https://book.douban.com/subject/3211779/,嫌疑人X的献身,,文学|流行|生活
2326571,https://book.douban.com/subject/2326571/,琅琊榜,,文化|文学|流行
1046265,https://book.douban.com/subject/1046265/,挪威的森林,,文学|流行|生活
1029553,https://book.douban.com/subject/1029553/,西游记（全二册）,,文学|流行
1043815,https://book.douban.com/subject/1043815/,骆驼祥子,,文化|文学|流行
5363767,https://book.douban.com/subject/5363767/,三体Ⅲ,死神永生,文化|文学|流行|科技
5337248,https://book.douban.com/subject/5337248/,台北人,,文化|文学
3266609,https://book.douban.com/subject/3266609/,流浪地球,刘慈欣获奖作品,文学|流行
1358873,https://book.douban.com/subject/1358873/,月亮忘記了,,文学|流行|生活
1361264,https://book.douban.com/subject/1361264/,撒哈拉的故事,,文化|文学|流行|生活
1013380,https://book.douban.com/subject/1013380/,茶花女,,文学|生活
26878124,https://book.douban.com/subject/26878124/,我的天才女友,那不勒斯四部曲-01,文学|流行|生活
1054685,https://book.douban.com/subject/1054685/,沉默的大多数,王小波杂文随笔全编,文化|文学|流行|生活
6746289,https://book.douban.com/subject/6746289/,新参者,,文学|流行
26602392,https://book.douban.com/subject/26602392/,你今天真好看,,文学|流行
1786387,https://book.douban.com/subject/1786387/,影响力,,文化|生活|科技|经管
1449351,https://book.douban.com/subject/1449351/,呐喊,,文化|文学
3995526,https://book.douban.com/subject/3995526/,目送,,文学|流行|生活
1474773,https://book.douban.com/subject/1474773/,海贼王,ONE PIECE,文学|流行|生活
3813669,https://book.douban.com/subject/3813669/,民主的细节,美国当代政治观察随笔,文化|文学|流行
4238362,https://book.douban.com/subject/4238362/,送你一颗子弹,,文化|文学|流行|生活
3026879,https://book.douban.com/subject/3026879/,爱的艺术,,文化|文学|生活
20463108,https://book.douban.com/subject/20463108/,观念的水位,,文化|文学
1829226,https://book.douban.com/subject/1829226/,肖申克的救赎,,文化|文学|流行|生活
1082349,https://book.douban.com/subject/1082349/,长恨歌,,文学|生活
2035179,https://book.douban.com/subject/2035179/,动物农场,,文化|文学
1011754,https://book.douban.com/subject/1011754/,海子的诗,,文学
24934182,https://book.douban.com/subject/24934182/,一个人的朝圣,,文学|生活
2070844,https://book.douban.com/subject/2070844/,梦里花落知多少,,文学|流行|生活
26414020,https://book.douban.com/subject/26414020/,我不喜欢这世界，我只喜欢你,,流行|生活
3259440,https://book.douban.com/subject/3259440/,白夜行,,文学|流行|生活
1013129,https://book.douban.com/subject/1013129/,哈利·波特与凤凰社,,文学|流行
1013225,https://book.douban.com/subject/1013225/,生活在别处,,文化|文学|生活
1863930,https://book.douban.com/subject/1863930/,看不见的城市,,文化|文学|流行
6798611,https://book.douban.com/subject/6798611/,史蒂夫·乔布斯传,,文化|文学|生活|科技|经管
26986954,https://book.douban.com/subject/26986954/,新名字的故事,那不勒斯四部曲-02,文学|生活
1970428,https://book.douban.com/subject/1970428/,激荡三十年（上）,中国企业1978-2008,文化|经管
2283084,https://book.douban.com/subject/2283084/,云中歌1,,文学|流行|生活
3017857,https://book.douban.com/subject/3017857/,金锁记,,文学|流行|生活
2567698,https://book.douban.com/subject/2567698/,三体,“地球往事”三部曲之一,文化|文学|流行|科技
1080370,https://book.douban.com/subject/1080370/,情书,,文化|文学|流行|生活
4242172,https://book.douban.com/subject/4242172/,天才在左 疯子在右,国内第一本精神病人访谈手记,文化|文学|生活|科技
24754316,https://book.douban.com/subject/24754316/,最好的我们,,文学|流行|生活
4231381,https://book.douban.com/subject/4231381/,那些回不去的年少时光,,文学|流行|生活
2136140,https://book.douban.com/subject/2136140/,雨季不再来,,文学|流行|生活
1941558,https://book.douban.com/subject/1941558/,设计中的设计,,文化|文学|生活|科技|经管
1882933,https://book.douban.com/subject/1882933/,鬼吹灯之精绝古城,,文学|流行
1025753,https://book.douban.com/subject/1025753/,妻妾成群,,文学|生活
2180619,https://book.douban.com/subject/2180619/,偷书贼,,文化|文学|流行
1060852,https://book.douban.com/subject/1060852/,呼兰河传,1947年版本・原版珍藏,文化|文学|生活
3344676,https://book.douban.com/subject/3344676/,常识,,文化|文学|流行
3066477,https://book.douban.com/subject/3066477/,三体Ⅱ,黑暗森林,文化|文学|流行|科技
1009257,https://book.douban.com/subject/1009257/,哈利·波特与火焰杯,,文学|流行
1291809,https://book.douban.com/subject/1291809/,世界尽头与冷酷仙境,,文学|流行
2022979,https://book.douban.com/subject/2022979/,喜宝,,文学|流行|生活
3369600,https://book.douban.com/subject/3369600/,当我谈跑步时我谈些什么,,文化|文学|生活
1007305,https://book.douban.com/subject/1007305/,红楼梦,,文化|文学|生活
3014576,https://book.douban.com/subject/3014576/,陪安东尼度过漫长岁月,,文学|流行|生活
2295163,https://book.douban.com/subject/2295163/,哈利·波特与死亡圣器,,文学|流行|生活
4011670,https://book.douban.com/subject/4011670/,人间失格,,文化|文学|流行|生活
4188697,https://book.douban.com/subject/4188697/,子不语1,,流行
1255624,https://book.douban.com/subject/1255624/,神雕侠侣,,文学|流行|生活
1228110,https://book.douban.com/subject/1228110/,天使与魔鬼,,文化|文学|流行
1024197,https://book.douban.com/subject/1024197/,巴黎圣母院,,文化|文学|生活
1022060,https://book.douban.com/subject/1022060/,狼图腾,,文化|文学
1040771,https://book.douban.com/subject/1040771/,达·芬奇密码,,文化|文学|流行
1795079,https://book.douban.com/subject/1795079/,乡土中国,,文化|文学
26954760,https://book.douban.com/subject/26954760/,月亮与六便士,,文化|文学
1082162,https://book.douban.com/subject/1082162/,第一炉香,,文化|文学|流行|生活
4011440,https://book.douban.com/subject/4011440/,最初的爱情 最后的仪式,,文学|流行|生活
27614904,https://book.douban.com/subject/27614904/,房思琪的初恋乐园,,文化|文学|流行|生活
1058661,https://book.douban.com/subject/1058661/,飞鸟集,,文化|文学|流行
1084336,https://book.douban.com/subject/1084336/,小王子,,文化|文学|流行|生活|经管
26425831,https://book.douban.com/subject/26425831/,斯通纳,,文化|文学|生活
2567919,https://book.douban.com/subject/2567919/,匆匆那年（上下）,,文学|流行|生活
1006197,https://book.douban.com/subject/1006197/,哈姆莱特,,文化|文学
3006581,https://book.douban.com/subject/3006581/,无人生还,,文学|流行
1008357,https://book.douban.com/subject/1008357/,水浒传（全二册）,,文化|文学
3071717,https://book.douban.com/subject/3071717/,爱你就像爱生命,,文学|生活
3920130,https://book.douban.com/subject/3920130/,告白,,文学|流行
1082387,https://book.douban.com/subject/1082387/,一九八四·动物农场,,文化|文学|流行
3239549,https://book.douban.com/subject/3239549/,夹边沟记事,,文化|文学
3633461,https://book.douban.com/subject/3633461/,一句顶一万句,,文化|文学|流行|生活
1398395,https://book.douban.com/subject/1398395/,狂人日记,,文化|文学
27010212,https://book.douban.com/subject/27010212/,芳华,,文学|流行
3608208,https://book.douban.com/subject/3608208/,牧羊少年奇幻之旅,,文化|文学|流行|生活
2143732,https://book.douban.com/subject/2143732/,灿烂千阳,,文化|文学|流行|生活
1770782,https://book.douban.com/subject/1770782/,追风筝的人,,文化|文学|流行|生活
1041007,https://book.douban.com/subject/1041007/,哈利·波特与魔法石,,文学|流行|生活
5327697,https://book.douban.com/subject/5327697/,橙,陪安东尼度过漫长岁月 Ⅱ,文学|流行|生活
1013416,https://book.douban.com/subject/1013416/,雷雨,,文化|文学|生活
1088065,https://book.douban.com/subject/1088065/,阿Q正传,,文化|文学
2035162,https://book.douban.com/subject/2035162/,刀锋,,文化|文学|流行
1007914,https://book.douban.com/subject/1007914/,窗边的小豆豆,,文学|流行|生活
1948901,https://book.douban.com/subject/1948901/,盗墓笔记,七星鲁王宫,文学|流行
1057244,https://book.douban.com/subject/1057244/,边城,,文化|文学|生活
5916880,https://book.douban.com/subject/5916880/,华胥引（全二册）,,文学|流行|生活
26698660,https://book.douban.com/subject/26698660/,巨人的陨落,世纪三部曲,文化|文学|流行
1082150,https://book.douban.com/subject/1082150/,白银时代,时代三部曲,文化|文学
1082334,https://book.douban.com/subject/1082334/,穆斯林的葬礼,,文化|文学|生活
1080309,https://book.douban.com/subject/1080309/,尘埃落定,,文化|文学|流行
2340100,https://book.douban.com/subject/2340100/,遇见未知的自己,,文化|文学|流行|生活
3642673,https://book.douban.com/subject/3642673/,我执,,文化|文学|流行|生活
1017143,https://book.douban.com/subject/1017143/,不能承受的生命之轻,,文化|文学|流行|生活
1002299,https://book.douban.com/subject/1002299/,笑傲江湖（全四册）,,文学|流行|生活
3136271,https://book.douban.com/subject/3136271/,罗生门,,文学|流行
5414391,https://book.douban.com/subject/5414391/,寻路中国,从乡村到工厂的自驾之旅,文化|文学|流行|生活
4207781,https://book.douban.com/subject/4207781/,孩子你慢慢来,,文学|流行|生活
1213546,https://book.douban.com/subject/1213546/,变形记,卡夫卡小说,文化|文学
2297697,https://book.douban.com/subject/2297697/,ZOO,,文学|流行
20440644,https://book.douban.com/subject/20440644/,文学回忆录（全2册）,1989—1994,文化|文学
2194123,https://book.douban.com/subject/2194123/,相约星期二,,文化|文学|流行|生活
1203251,https://book.douban.com/subject/1203251/,雾都孤儿,,文学|生活
1812439,https://book.douban.com/subject/1812439/,步步惊心,,文化|文学|流行|生活
1886385,https://book.douban.com/subject/1886385/,来不及说我爱你,,文学|流行|生活
1002898,https://book.douban.com/subject/1002898/,父与子全集,,文学|流行
3187737,https://book.douban.com/subject/3187737/,占星术杀人魔法,,文学|流行|生活
1089243,https://book.douban.com/subject/1089243/,黄金时代,时代三部曲,文学|流行|生活
1200840,https://book.douban.com/subject/1200840/,平凡的世界（全三部）,,文化|文学|流行|生活
1020670,https://book.douban.com/subject/1020670/,舞！舞！舞！,,文学|流行|生活
1919201,https://book.douban.com/subject/1919201/,七夜雪,,文学|流行|生活
26672693,https://book.douban.com/subject/26672693/,一个叫欧维的男人决定去死,,文学
1027191,https://book.douban.com/subject/1027191/,历史深处的忧虑,近距离看美国之一,文化|文学
1034282,https://book.douban.com/subject/1034282/,时间简史,插图本,文化|文学|科技
1418686,https://book.douban.com/subject/1418686/,红拂夜奔,,文化|文学|流行
2056749,https://book.douban.com/subject/2056749/,时间旅行者的妻子,,文学|流行|生活
1865089,https://book.douban.com/subject/1865089/,瓦尔登湖,,文化|文学
4238754,https://book.douban.com/subject/4238754/,失恋33天,小说，或是指南,文学|流行|生活
1424741,https://book.douban.com/subject/1424741/,心是孤独的猎手,,文学|流行
1020459,https://book.douban.com/subject/1020459/,此间的少年,,文学|流行|生活
1012611,https://book.douban.com/subject/1012611/,乌合之众,大众心理研究,文化|文学|流行|生活|经管
1212893,https://book.douban.com/subject/1212893/,鹿鼎记（全五册）,,文化|文学|流行
1015699,https://book.douban.com/subject/1015699/,中国大历史,,文化|文学
1529893,https://book.douban.com/subject/1529893/,莲花,,文学|流行|生活
1005521,https://book.douban.com/subject/1005521/,伊豆的舞女,,文学|流行|生活
1209899,https://book.douban.com/subject/1209899/,我与地坛,史铁生代表作,文化|文学
1029791,https://book.douban.com/subject/1029791/,许三观卖血记,,文化|文学|生活
5366248,https://book.douban.com/subject/5366248/,你一定爱读的极简欧洲史,为什么欧洲对现代文明的影响这么深,文化|文学|科技
25733470,https://book.douban.com/subject/25733470/,没有色彩的多崎作和他的巡礼之年,,文学|流行|生活
1048007,https://book.douban.com/subject/1048007/,高效能人士的七个习惯（精华版）,,文化|文学|生活|经管
1775691,https://book.douban.com/subject/1775691/,少有人走的路,心智成熟的旅程,文化|文学|流行|生活
1963310,https://book.douban.com/subject/1963310/,大地之灯,,文学|流行|生活
1063190,https://book.douban.com/subject/1063190/,蔷薇岛屿,,文学|流行|生活
1086249,https://book.douban.com/subject/1086249/,荆棘鸟,,文学|流行|生活
1336330,https://book.douban.com/subject/1336330/,冰与火之歌（卷一）,权力的游戏,文学|流行
1014278,https://book.douban.com/subject/1014278/,红玫瑰与白玫瑰,,文学|流行|生活
1066462,https://book.douban.com/subject/1066462/,向左走·向右走,,文化|文学|流行|生活
1022238,https://book.douban.com/subject/1022238/,菊与刀,日本文化的类型,文化|文学
1039487,https://book.douban.com/subject/1039487/,哈利·波特与密室,,文学|流行
1008988,https://book.douban.com/subject/1008988/,了不起的盖茨比,,文学|流行|生活
4714734,https://book.douban.com/subject/4714734/,这些都是你给我的爱,,文学|流行|生活
1083428,https://book.douban.com/subject/1083428/,傲慢与偏见,,文学|流行|生活
1818347,https://book.douban.com/subject/1818347/,尼罗河上的惨案,,文学|流行
4908885,https://book.douban.com/subject/4908885/,局外人,,文化|文学|流行|生活
1043008,https://book.douban.com/subject/1043008/,格林童话全集,,文学
2154960,https://book.douban.com/subject/2154960/,一个陌生女人的来信,,文学|流行|生活
1292416,https://book.douban.com/subject/1292416/,香水,一个谋杀犯的故事,文学|流行
1068920,https://book.douban.com/subject/1068920/,飘,,文化|文学|流行|生活
1813841,https://book.douban.com/subject/1813841/,枪炮、病菌与钢铁,人类社会的命运,文化|文学|科技
26943161,https://book.douban.com/subject/26943161/,未来简史,,文化|科技
1346815,https://book.douban.com/subject/1346815/,一個人住第5年,,文学|流行|生活
4820710,https://book.douban.com/subject/4820710/,1984,,文化|文学|流行
1090043,https://book.douban.com/subject/1090043/,倾城之恋,,文学|流行|生活
6082808,https://book.douban.com/subject/6082808/,百年孤独,,文化|文学|流行
1141406,https://book.douban.com/subject/1141406/,简爱（英文全本）,,文学|流行|生活
3369793,https://book.douban.com/subject/3369793/,亲爱的安德烈,,文学|生活|科技
3609132,https://book.douban.com/subject/3609132/,把时间当作朋友,运用心智获得解放,文化|生活|经管
1033778,https://book.douban.com/subject/1033778/,富爸爸，穷爸爸,,文化|文学|生活|经管
1192090,https://book.douban.com/subject/1192090/,球状闪电,,文学|流行|科技|经管
1119522,https://book.douban.com/subject/1119522/,呼啸山庄,,文学|生活
26382433,https://book.douban.com/subject/26382433/,无声告白,,文化|文学|流行|生活
1045818,https://book.douban.com/subject/1045818/,苏菲的世界,,文化|文学|生活
1400705,https://book.douban.com/subject/1400705/,情人,,文学|流行|生活
3012517,https://book.douban.com/subject/3012517/,小姨多鹤,,文化|文学|流行|生活
4166819,https://book.douban.com/subject/4166819/,你好，旧时光（上 下）,,
1059419,https://book.douban.com/subject/1059419/,海边的卡夫卡,,文学|流行|生活
1001885,https://book.douban.com/subject/1001885/,带一本书去巴黎,,文化|文学|生活
1041482,https://book.douban.com/subject/1041482/,万历十五年,,文化|文学|经管
1827374,https://book.douban.com/subject/1827374/,东方快车谋杀案,,文学|流行
4913064,https://book.douban.com/subject/4913064/,活着,,文化|文学|生活
1059336,https://book.douban.com/subject/1059336/,往事并不如烟,,
1040211,https://book.douban.com/subject/1040211/,福尔摩斯探案全集（上中下）,,文学|流行
1426971,https://book.douban.com/subject/1426971/,野火集,二十年纪念版,文化|文学
1092335,https://book.douban.com/subject/1092335/,教父,,文学
